{"_runtime": 205, "epoch": 5, "val_loss": 0.5473905544403271, "f1_macro": 0.7306880174804897, "f1_weighted": 0.7350920007915079, "lr": 0.0001, "epoch_time_sec": 22.152137756347656, "train_time_sec": 10.087081670761108, "train_loss": 0.5201885883624737, "val_time_sec": 12.065054893493652, "_timestamp": 1779587097.3268578, "_step": 4}