{"_runtime": 158, "epoch": 2, "f1_macro": 0.7329211241395424, "lr": 0.0001, "train_loss": 0.6074026746214551, "val_loss": 0.5844887019426395, "f1_weighted": 0.7380435956128162, "_timestamp": 1779586733.9632115, "_step": 1}