{"_runtime": 531, "_step": 4, "f1_macro": 0.7611856388859971, "lr": 0.0001, "epoch": 5, "train_loss": 0.49766572408098997, "val_loss": 0.5410729996564156, "f1_weighted": 0.7648174280809348, "_timestamp": 1779583893.439599}