{"_runtime": 707, "epoch": 5, "val_loss": 0.505019311473672, "lr": 0.0001, "epoch_time_sec": 115.12977051734924, "train_time_sec": 80.68817162513733, "val_time_sec": 34.44159817695618, "train_loss": 0.48487662449861185, "f1_macro": 0.743434751041505, "f1_weighted": 0.7486305503941145, "_timestamp": 1779588911.1030946, "_step": 4}