{"_runtime": 18, "train_loss": 1.1058476520519631, "f1_macro": 0.5091532035349351, "epoch": 1, "val_loss": 1.1432473813088573, "f1_weighted": 0.5793978924381438, "lr": 0.0001, "_timestamp": 1779582591.3622758, "_step": 0}