{"_runtime": 938, "train_loss": 0.48660112616921664, "val_loss": 0.5147676903467912, "epoch_time_sec": 221.0638346672058, "train_time_sec": 153.01435112953186, "val_time_sec": 68.04948306083679, "_timestamp": 1779588200.6506338, "epoch": 5, "f1_macro": 0.7454862965722526, "f1_weighted": 0.7492110131114051, "lr": 0.0001, "_step": 4}