{"_runtime": 13, "train_loss": 0.911119746918581, "val_loss": 1.329117774963379, "f1_macro": 0.5937176982003031, "f1_weighted": 0.5884596097428306, "_timestamp": 1779582604.7617857, "_step": 0, "epoch": 1, "lr": 0.0001}