{"_runtime": 160, "f1_macro": 0.7348586342061951, "f1_weighted": 0.7411660209097001, "lr": 0.0001, "epoch_time_sec": 20.44210958480835, "_timestamp": 1779587260.057252, "_step": 4, "epoch": 5, "train_loss": 0.5048786775271098, "train_time_sec": 9.334041357040405, "val_time_sec": 11.108067512512207, "val_loss": 0.5571623180611466}