{"_runtime": 539, "_timestamp": 1779583361.8984222, "epoch": 5, "train_loss": 0.5046616306373789, "f1_macro": 0.7233359850974681, "_step": 4, "val_loss": 0.5615044368447075, "f1_weighted": 0.7312570849867633, "lr": 0.0001}