Clase,Accuracy,Precision,Recall,F1,TN,FP,FN,TP,Soporte (positivos),Soporte (negativos)
Fish,0.7144578313253012,0.717391304347826,0.7122302158273381,0.7148014440433214,296,117,120,297,417,413
Flower,0.8072289156626506,0.8,0.7323943661971831,0.7647058823529411,410,65,95,260,355,475
Gravel,0.6903614457831325,0.7473118279569892,0.6303854875283447,0.6838868388683886,295,94,163,278,441,389
Sugar,0.7469879518072289,0.7860615883306321,0.8614564831261101,0.8220338983050848,135,132,78,485,563,267
MACRO,0.7397590361445783,0.7626911801588618,0.734116638169744,0.746357015892434,-,-,-,-,1776,1544
